{
  "annual_return": -0.2150004612247971,
  "annual_volatility": 0.388212550806857,
  "sharpe_ratio": -0.4301736692660221,
  "sortino_ratio": -0.6386852482735598,
  "max_drawdown": -0.7978495528173281,
  "calmar_ratio": -0.2694749410657658
}