{
  "annual_return": -0.1774585945345476,
  "annual_volatility": 0.19025957295557813,
  "sharpe_ratio": -0.9316330252357035,
  "sortino_ratio": -1.46258769204974,
  "max_drawdown": -0.7301950200807437,
  "calmar_ratio": -0.24302903971451975
}