{
  "annual_return": -0.3853237642460756,
  "annual_volatility": 0.3910141002542137,
  "sharpe_ratio": -1.0486690416044835,
  "sortino_ratio": -1.55126590188428,
  "max_drawdown": -0.9533423916688241,
  "calmar_ratio": -0.40418192625586186
}