{
  "annual_return": -0.30845659676345805,
  "annual_volatility": 0.26703581788534586,
  "sharpe_ratio": -1.2470613093687244,
  "sortino_ratio": -1.9646373264094616,
  "max_drawdown": -0.7270478960325845,
  "calmar_ratio": -0.42425897722374234
}