{
  "annual_return": -0.18732276261305658,
  "annual_volatility": 0.362665355042665,
  "sharpe_ratio": -0.391285161946698,
  "sortino_ratio": -0.6321005630423062,
  "max_drawdown": -0.5290560595821664,
  "calmar_ratio": -0.3540697799794578
}