{
  "annual_return": -0.4555107287776561,
  "annual_volatility": 0.37671223941806414,
  "sharpe_ratio": -1.4227341460426923,
  "sortino_ratio": -2.0533580917684224,
  "max_drawdown": -0.8808399330025363,
  "calmar_ratio": -0.5171322412971762
}