{
  "annual_return": -0.1100709375683735,
  "annual_volatility": 0.3717902990263334,
  "sharpe_ratio": -0.12851882308548856,
  "sortino_ratio": -0.20625172406166759,
  "max_drawdown": -0.5547115627630004,
  "calmar_ratio": -0.1984291385961268
}