{
  "annual_return": 0.602137097963261,
  "annual_volatility": 0.12772112221364695,
  "sharpe_ratio": 3.756534610908386,
  "sortino_ratio": 5.495161976812238,
  "max_drawdown": -0.06893100707500555,
  "calmar_ratio": 8.73535907154324
}