{
  "annual_return": -0.18761446008734972,
  "annual_volatility": 0.1663675085051643,
  "sharpe_ratio": -1.1655106043916317,
  "sortino_ratio": -1.7999536779331826,
  "max_drawdown": -0.7302405913404713,
  "calmar_ratio": -0.2569214342672378
}